"DESCRIPTION","DURATION IN MS","NAME","PARENT SUITE","START TIME","STATUS","STOP TIME","SUB SUITE","SUITE","TEST CLASS","TEST METHOD"
"","2","always passed","test/groups_test.dart","Thu Aug 21 18:08:45 UTC 2025","passed","Thu Aug 21 18:08:45 UTC 2025","sublevel of two level group, another sublevel","three level group","",""
"","2","Feature A - Story B","test/feature_test.dart","Thu Aug 21 18:08:46 UTC 2025","passed","Thu Aug 21 18:08:46 UTC 2025","","","",""
"","813","Component: DiagramCard, Story: Default (variant: Linux)","test/golden_test.dart","Thu Aug 21 18:08:45 UTC 2025","failed","Thu Aug 21 18:08:46 UTC 2025","","","",""
"","116","Component: RatingReceivedCard, Story: Default (variant: Linux)","test/golden_test.dart","Thu Aug 21 18:08:47 UTC 2025","failed","Thu Aug 21 18:08:47 UTC 2025","","","",""
"","3","always passed","test/groups_test.dart","Thu Aug 21 18:08:45 UTC 2025","passed","Thu Aug 21 18:08:45 UTC 2025","sublevel of two level group, another sublevel","composite group of groups and tests","",""
"","199","Component: FrostBenefit, Story: Default (variant: CI)","test/golden_test.dart","Thu Aug 21 18:08:46 UTC 2025","failed","Thu Aug 21 18:08:46 UTC 2025","","","",""
"","3","always passed","test/groups_test.dart","Thu Aug 21 18:08:45 UTC 2025","passed","Thu Aug 21 18:08:45 UTC 2025","sublevel of two level group","two level group","",""
"","3","Muted: int.parse successfully parses ""1""","test/simple_test.dart","Thu Aug 21 18:08:40 UTC 2025","passed","Thu Aug 21 18:08:40 UTC 2025","","","",""
"","46","Known: int.parse successfully parses ""2""","test/simple_test.dart","Thu Aug 21 18:08:40 UTC 2025","failed","Thu Aug 21 18:08:40 UTC 2025","","","",""
"","8","Flaky: int.parse successfully parses ""1""","test/simple_test.dart","Thu Aug 21 18:08:40 UTC 2025","passed","Thu Aug 21 18:08:40 UTC 2025","","","",""
"","163","Component: DiagramCard, Story: Default (variant: CI)","test/golden_test.dart","Thu Aug 21 18:08:46 UTC 2025","failed","Thu Aug 21 18:08:46 UTC 2025","","","",""
"","31","always passed","test/groups_test.dart","Thu Aug 21 18:08:45 UTC 2025","passed","Thu Aug 21 18:08:45 UTC 2025","","single level group","",""
"","3","Feature B - Story A","test/feature_test.dart","Thu Aug 21 18:08:46 UTC 2025","passed","Thu Aug 21 18:08:46 UTC 2025","","","",""
"","101","Component: RatingBenefit, Story: Default (variant: CI)","test/golden_test.dart","Thu Aug 21 18:08:47 UTC 2025","failed","Thu Aug 21 18:08:47 UTC 2025","","","",""
"","112","Component: FrostReceivedCard, Story: Default (variant: Linux)","test/golden_test.dart","Thu Aug 21 18:08:46 UTC 2025","failed","Thu Aug 21 18:08:46 UTC 2025","","","",""
"","230","Component: FrostBenefit, Story: Default (variant: Linux)","test/golden_test.dart","Thu Aug 21 18:08:46 UTC 2025","failed","Thu Aug 21 18:08:46 UTC 2025","","","",""
"","4","Feature B - Story B","test/feature_test.dart","Thu Aug 21 18:08:46 UTC 2025","passed","Thu Aug 21 18:08:46 UTC 2025","","","",""
"","87","Component: ProfitCell, Story: Default (variant: Linux)","test/golden_test.dart","Thu Aug 21 18:08:46 UTC 2025","failed","Thu Aug 21 18:08:47 UTC 2025","","","",""
"","23","Success Test","test/plain_dart_package_test.dart","Thu Aug 21 18:08:39 UTC 2025","passed","Thu Aug 21 18:08:39 UTC 2025","","A group of tests","",""
"This test has multiple links","8","links test","test/meta_test.dart","Thu Aug 21 18:08:45 UTC 2025","passed","Thu Aug 21 18:08:45 UTC 2025","","","",""
"","125","Hello world","test/golden_test.dart","Thu Aug 21 18:08:45 UTC 2025","passed","Thu Aug 21 18:08:45 UTC 2025","","","",""
"","100","Component: RatingReceivedCard, Story: Default (variant: CI)","test/golden_test.dart","Thu Aug 21 18:08:47 UTC 2025","failed","Thu Aug 21 18:08:47 UTC 2025","","","",""
"","11","Flaky and muted: int.parse successfully parses ""1""","test/simple_test.dart","Thu Aug 21 18:08:40 UTC 2025","failed","Thu Aug 21 18:08:40 UTC 2025","","","",""
"","110","Component: ProfitCell, Story: Default (variant: CI)","test/golden_test.dart","Thu Aug 21 18:08:47 UTC 2025","failed","Thu Aug 21 18:08:47 UTC 2025","","","",""
"","9","Muted: int.parse fails","test/simple_test.dart","Thu Aug 21 18:08:40 UTC 2025","failed","Thu Aug 21 18:08:40 UTC 2025","","","",""
"","98","Component: ProfitCell, Story: Second (variant: CI)","test/golden_test.dart","Thu Aug 21 18:08:47 UTC 2025","failed","Thu Aug 21 18:08:47 UTC 2025","","","",""
"","0","Skipped Test","test/plain_dart_package_test.dart","Thu Aug 21 18:08:39 UTC 2025","skipped","Thu Aug 21 18:08:39 UTC 2025","","A group of tests","",""
"# Test with description

Description can have multilines
","25","description test","test/meta_test.dart","Thu Aug 21 18:08:45 UTC 2025","passed","Thu Aug 21 18:08:45 UTC 2025","","","",""
"","40","int.parse successfully parses ""1""","test/simple_test.dart","Thu Aug 21 18:08:40 UTC 2025","passed","Thu Aug 21 18:08:40 UTC 2025","","","",""
"","107","Component: RatingBenefit, Story: Default (variant: Linux)","test/golden_test.dart","Thu Aug 21 18:08:47 UTC 2025","failed","Thu Aug 21 18:08:47 UTC 2025","","","",""
"","3","always passed","test/groups_test.dart","Thu Aug 21 18:08:45 UTC 2025","passed","Thu Aug 21 18:08:45 UTC 2025","sublevel of two level group","composite group of groups and tests","",""
"","24","Failing Test","test/plain_dart_package_test.dart","Thu Aug 21 18:08:39 UTC 2025","failed","Thu Aug 21 18:08:39 UTC 2025","","A group of tests","",""
"","2","always passed","test/groups_test.dart","Thu Aug 21 18:08:45 UTC 2025","passed","Thu Aug 21 18:08:45 UTC 2025","","composite group of groups and tests","",""
"","80","Component: ProfitCell, Story: Second (variant: Linux)","test/golden_test.dart","Thu Aug 21 18:08:47 UTC 2025","failed","Thu Aug 21 18:08:47 UTC 2025","","","",""
"","29","Feature A - Story A","test/feature_test.dart","Thu Aug 21 18:08:46 UTC 2025","passed","Thu Aug 21 18:08:46 UTC 2025","","","",""
"This test has Severity: Severity.trivial","5","severity test","test/meta_test.dart","Thu Aug 21 18:08:45 UTC 2025","passed","Thu Aug 21 18:08:45 UTC 2025","","","",""
"","154","Component: FrostReceivedCard, Story: Default (variant: CI)","test/golden_test.dart","Thu Aug 21 18:08:46 UTC 2025","failed","Thu Aug 21 18:08:46 UTC 2025","","","",""
